ts,station_id,e5,e10,diesel,is_open
2026-10-05T17:26:00,cd08f68b-1c10-4c7c-8b7d-6cdc13cb6cf6,2.159,2.099,2.289,1
2026-10-05T17:26:00,f721897d-2719-4747-a5e9-b4358d755587,2.119,2.059,2.239,1
2026-10-05T17:26:00,cde018ac-098f-47ad-bdd0-a6c0512798a6,2.129,2.069,2.279,1
2026-10-05T17:26:00,82b53307-1485-414a-9bfe-f16217003011,2.119,2.059,2.239,1
2026-10-05T17:26:00,464388fc-cc1f-4770-a17a-4cb3d5d47384,2.129,2.069,2.249,1
2026-10-05T17:26:00,b7c0f98f-88b6-4b8d-8f4b-307008f07840,2.169,2.109,2.279,1
2026-10-05T17:26:00,fe317497-6895-4de8-ae11-8b15d4f7af8a,2.149,2.089,2.279,1
2026-10-05T17:26:00,6b33bb06-24e9-47c7-ba2b-088c8c1963d1,2.119,2.059,2.239,1
2026-10-05T17:26:00,adba69bc-55e1-40fd-8a12-7525a99abf95,2.129,2.069,2.249,1
2026-10-05T17:26:00,77c4cc3c-ae11-43c4-85cc-5c147409b46f,2.179,2.119,2.279,1
2026-10-05T17:26:00,c338e198-afc0-4363-af49-a8875afced99,,,2.209,1
2026-10-05T17:26:00,915946cd-4b4c-4f59-8e30-2a2b44bfd9f1,2.209,,2.289,1
2026-10-05T17:26:00,c13f60cb-7e1c-40a8-b05a-157fd571b3fa,2.109,2.049,2.229,1
2026-10-05T17:26:00,64d9e72f-6327-4257-98bd-d0fbe75d4eee,2.149,2.089,2.249,1
2026-10-05T17:26:00,51d4b55c-a095-1aa0-e100-80009459e03a,2.169,2.109,2.269,1
2026-10-05T17:26:00,45701dbf-0bc9-4f05-b45b-9a4a87b095f9,2.129,2.069,2.229,1
2026-10-05T17:26:00,3f133314-f427-4d2b-9b5e-503da268cc59,2.129,2.069,2.249,1
2026-10-05T17:26:00,cdc0542d-6644-4ff1-bd1a-9d6dd4140a18,2.119,2.059,2.239,1
2026-10-05T17:26:00,c2b088b5-3165-4d0f-b52c-d74411abf4ac,2.129,2.079,2.239,1
2026-10-05T17:26:00,d45207dd-76c9-4d67-895c-260b20279b6f,2.129,2.069,2.249,1
2026-10-05T17:26:00,a2f61a2e-cb38-49b8-aeac-c0ead332a872,2.119,2.059,2.239,1
2026-10-05T17:26:00,c39b2041-35e2-4a12-a395-578cefd8831b,2.119,2.059,2.239,1
2026-10-05T17:26:00,33b8f7ba-c238-4f37-bc96-7ebeb02b72a0,2.119,2.059,2.229,1
2026-10-05T17:26:00,00060592-0001-4444-8888-acdc00000001,2.109,2.049,2.219,1
2026-10-05T17:26:00,2db21d80-48eb-497a-b6e8-8082f83ec4ca,2.109,2.049,2.209,1
2026-10-05T17:26:00,c031489b-b5a7-4b31-8aee-26b9c78795d9,2.109,2.049,2.209,1
2026-10-05T17:45:00,cd08f68b-1c10-4c7c-8b7d-6cdc13cb6cf6,2.159,2.099,2.289,1
2026-10-05T17:45:00,f721897d-2719-4747-a5e9-b4358d755587,2.119,2.059,2.239,1
2026-10-05T17:45:00,cde018ac-098f-47ad-bdd0-a6c0512798a6,2.129,2.069,2.279,1
2026-10-05T17:45:00,82b53307-1485-414a-9bfe-f16217003011,2.119,2.059,2.239,1
2026-10-05T17:45:00,464388fc-cc1f-4770-a17a-4cb3d5d47384,2.129,2.069,2.249,1
2026-10-05T17:45:00,b7c0f98f-88b6-4b8d-8f4b-307008f07840,2.129,2.069,2.279,1
2026-10-05T17:45:00,fe317497-6895-4de8-ae11-8b15d4f7af8a,2.149,2.089,2.279,1
2026-10-05T17:45:00,6b33bb06-24e9-47c7-ba2b-088c8c1963d1,2.119,2.059,2.239,1
2026-10-05T17:45:00,adba69bc-55e1-40fd-8a12-7525a99abf95,2.129,2.069,2.249,1
2026-10-05T17:45:00,77c4cc3c-ae11-43c4-85cc-5c147409b46f,2.179,2.119,2.279,1
2026-10-05T17:45:00,c338e198-afc0-4363-af49-a8875afced99,,,2.209,1
2026-10-05T17:45:00,915946cd-4b4c-4f59-8e30-2a2b44bfd9f1,2.209,,2.289,1
2026-10-05T17:45:00,c13f60cb-7e1c-40a8-b05a-157fd571b3fa,2.109,2.049,2.219,1
2026-10-05T17:45:00,64d9e72f-6327-4257-98bd-d0fbe75d4eee,2.149,2.089,2.249,1
2026-10-05T17:45:00,51d4b55c-a095-1aa0-e100-80009459e03a,2.099,2.039,2.209,1
2026-10-05T17:45:00,45701dbf-0bc9-4f05-b45b-9a4a87b095f9,2.109,2.049,2.219,1
2026-10-05T17:45:00,3f133314-f427-4d2b-9b5e-503da268cc59,2.129,2.069,2.249,1
2026-10-05T17:45:00,cdc0542d-6644-4ff1-bd1a-9d6dd4140a18,2.119,2.059,2.239,1
2026-10-05T17:45:00,c2b088b5-3165-4d0f-b52c-d74411abf4ac,2.109,2.059,2.229,1
2026-10-05T17:45:00,d45207dd-76c9-4d67-895c-260b20279b6f,2.129,2.069,2.249,1
2026-10-05T17:45:00,a2f61a2e-cb38-49b8-aeac-c0ead332a872,2.109,2.049,2.219,1
2026-10-05T17:45:00,c39b2041-35e2-4a12-a395-578cefd8831b,2.119,2.059,2.239,1
2026-10-05T17:45:00,33b8f7ba-c238-4f37-bc96-7ebeb02b72a0,2.109,2.049,2.219,1
2026-10-05T17:45:00,00060592-0001-4444-8888-acdc00000001,2.109,2.049,2.219,1
2026-10-05T17:45:00,2db21d80-48eb-497a-b6e8-8082f83ec4ca,2.109,2.049,2.209,1
2026-10-05T17:45:00,c031489b-b5a7-4b31-8aee-26b9c78795d9,2.109,2.049,2.209,1
2026-10-05T17:47:00,cd08f68b-1c10-4c7c-8b7d-6cdc13cb6cf6,2.159,2.099,2.289,1
2026-10-05T17:47:00,f721897d-2719-4747-a5e9-b4358d755587,2.119,2.059,2.239,1
2026-10-05T17:47:00,cde018ac-098f-47ad-bdd0-a6c0512798a6,2.129,2.069,2.279,1
2026-10-05T17:47:00,82b53307-1485-414a-9bfe-f16217003011,2.119,2.059,2.239,1
2026-10-05T17:47:00,464388fc-cc1f-4770-a17a-4cb3d5d47384,2.129,2.069,2.249,1
2026-10-05T17:47:00,b7c0f98f-88b6-4b8d-8f4b-307008f07840,2.129,2.069,2.279,1
2026-10-05T17:47:00,fe317497-6895-4de8-ae11-8b15d4f7af8a,2.149,2.089,2.279,1
2026-10-05T17:47:00,6b33bb06-24e9-47c7-ba2b-088c8c1963d1,2.119,2.059,2.239,1
2026-10-05T17:47:00,adba69bc-55e1-40fd-8a12-7525a99abf95,2.129,2.069,2.249,1
2026-10-05T17:47:00,77c4cc3c-ae11-43c4-85cc-5c147409b46f,2.179,2.119,2.279,1
2026-10-05T17:47:00,c338e198-afc0-4363-af49-a8875afced99,,,2.209,1
2026-10-05T17:47:00,915946cd-4b4c-4f59-8e30-2a2b44bfd9f1,2.209,,2.289,1
2026-10-05T17:47:00,c13f60cb-7e1c-40a8-b05a-157fd571b3fa,2.109,2.049,2.219,1
2026-10-05T17:47:00,64d9e72f-6327-4257-98bd-d0fbe75d4eee,2.149,2.089,2.249,1
2026-10-05T17:47:00,51d4b55c-a095-1aa0-e100-80009459e03a,2.099,2.039,2.209,1
2026-10-05T17:47:00,45701dbf-0bc9-4f05-b45b-9a4a87b095f9,2.109,2.049,2.219,1
2026-10-05T17:47:00,3f133314-f427-4d2b-9b5e-503da268cc59,2.129,2.069,2.249,1
2026-10-05T17:47:00,cdc0542d-6644-4ff1-bd1a-9d6dd4140a18,2.109,2.049,2.219,1
2026-10-05T17:47:00,c2b088b5-3165-4d0f-b52c-d74411abf4ac,2.109,2.059,2.229,1
2026-10-05T17:47:00,d45207dd-76c9-4d67-895c-260b20279b6f,2.129,2.069,2.249,1
2026-10-05T17:47:00,a2f61a2e-cb38-49b8-aeac-c0ead332a872,2.109,2.049,2.219,1
2026-10-05T17:47:00,c39b2041-35e2-4a12-a395-578cefd8831b,2.119,2.059,2.239,1
2026-10-05T17:47:00,33b8f7ba-c238-4f37-bc96-7ebeb02b72a0,2.109,2.049,2.219,1
2026-10-05T17:47:00,00060592-0001-4444-8888-acdc00000001,2.109,2.049,2.219,1
2026-10-05T17:47:00,2db21d80-48eb-497a-b6e8-8082f83ec4ca,2.109,2.049,2.209,1
2026-10-05T17:47:00,c031489b-b5a7-4b31-8aee-26b9c78795d9,2.109,2.049,2.209,1
2026-10-05T18:05:00,cd08f68b-1c10-4c7c-8b7d-6cdc13cb6cf6,2.159,2.099,2.289,1
2026-10-05T18:05:00,f721897d-2719-4747-a5e9-b4358d755587,2.119,2.059,2.239,1
2026-10-05T18:05:00,cde018ac-098f-47ad-bdd0-a6c0512798a6,2.129,2.069,2.279,1
2026-10-05T18:05:00,82b53307-1485-414a-9bfe-f16217003011,2.119,2.059,2.239,1
2026-10-05T18:05:00,464388fc-cc1f-4770-a17a-4cb3d5d47384,2.129,2.069,2.249,1
2026-10-05T18:05:00,b7c0f98f-88b6-4b8d-8f4b-307008f07840,2.109,2.049,2.219,1
2026-10-05T18:05:00,fe317497-6895-4de8-ae11-8b15d4f7af8a,2.109,2.049,2.219,1
2026-10-05T18:05:00,6b33bb06-24e9-47c7-ba2b-088c8c1963d1,2.119,2.059,2.239,1
2026-10-05T18:05:00,adba69bc-55e1-40fd-8a12-7525a99abf95,2.129,2.069,2.249,1
2026-10-05T18:05:00,77c4cc3c-ae11-43c4-85cc-5c147409b46f,2.179,2.119,2.279,1
2026-10-05T18:05:00,c338e198-afc0-4363-af49-a8875afced99,,,2.209,1
2026-10-05T18:05:00,915946cd-4b4c-4f59-8e30-2a2b44bfd9f1,2.209,,2.289,0
2026-10-05T18:05:00,c13f60cb-7e1c-40a8-b05a-157fd571b3fa,2.109,2.049,2.209,1
2026-10-05T18:05:00,64d9e72f-6327-4257-98bd-d0fbe75d4eee,2.149,2.089,2.249,1
2026-10-05T18:05:00,51d4b55c-a095-1aa0-e100-80009459e03a,2.089,2.029,2.189,1
2026-10-05T18:05:00,45701dbf-0bc9-4f05-b45b-9a4a87b095f9,2.099,2.039,2.209,1
2026-10-05T18:05:00,3f133314-f427-4d2b-9b5e-503da268cc59,2.129,2.069,2.249,1
2026-10-05T18:05:00,cdc0542d-6644-4ff1-bd1a-9d6dd4140a18,2.109,2.049,2.209,1
2026-10-05T18:05:00,c2b088b5-3165-4d0f-b52c-d74411abf4ac,2.099,2.049,2.209,1
2026-10-05T18:05:00,d45207dd-76c9-4d67-895c-260b20279b6f,2.129,2.069,2.249,1
2026-10-05T18:05:00,a2f61a2e-cb38-49b8-aeac-c0ead332a872,2.109,2.049,2.209,1
2026-10-05T18:05:00,c39b2041-35e2-4a12-a395-578cefd8831b,2.099,2.039,2.199,1
2026-10-05T18:05:00,33b8f7ba-c238-4f37-bc96-7ebeb02b72a0,2.109,2.049,2.209,1
2026-10-05T18:05:00,00060592-0001-4444-8888-acdc00000001,2.109,2.049,2.219,1
2026-10-05T18:05:00,2db21d80-48eb-497a-b6e8-8082f83ec4ca,2.109,2.049,2.209,1
2026-10-05T18:05:00,c031489b-b5a7-4b31-8aee-26b9c78795d9,2.099,2.039,2.199,1
2026-10-05T18:10:00,cd08f68b-1c10-4c7c-8b7d-6cdc13cb6cf6,2.119,2.059,2.249,1
2026-10-05T18:10:00,f721897d-2719-4747-a5e9-b4358d755587,2.099,2.039,2.209,1
2026-10-05T18:10:00,cde018ac-098f-47ad-bdd0-a6c0512798a6,2.109,2.049,2.219,1
2026-10-05T18:10:00,82b53307-1485-414a-9bfe-f16217003011,2.099,2.039,2.199,1
2026-10-05T18:10:00,464388fc-cc1f-4770-a17a-4cb3d5d47384,2.129,2.069,2.249,1
2026-10-05T18:10:00,b7c0f98f-88b6-4b8d-8f4b-307008f07840,2.109,2.049,2.219,1
2026-10-05T18:10:00,fe317497-6895-4de8-ae11-8b15d4f7af8a,2.109,2.049,2.209,1
2026-10-05T18:10:00,6b33bb06-24e9-47c7-ba2b-088c8c1963d1,2.119,2.059,2.239,1
2026-10-05T18:10:00,adba69bc-55e1-40fd-8a12-7525a99abf95,2.109,2.049,2.209,1
2026-10-05T18:10:00,77c4cc3c-ae11-43c4-85cc-5c147409b46f,2.119,2.059,2.209,1
2026-10-05T18:10:00,c338e198-afc0-4363-af49-a8875afced99,,,2.209,1
2026-10-05T18:10:00,915946cd-4b4c-4f59-8e30-2a2b44bfd9f1,2.209,,2.289,0
2026-10-05T18:10:00,c13f60cb-7e1c-40a8-b05a-157fd571b3fa,2.109,2.049,2.209,1
2026-10-05T18:10:00,64d9e72f-6327-4257-98bd-d0fbe75d4eee,2.139,2.079,2.249,1
2026-10-05T18:10:00,51d4b55c-a095-1aa0-e100-80009459e03a,2.089,2.029,2.189,1
2026-10-05T18:10:00,45701dbf-0bc9-4f05-b45b-9a4a87b095f9,2.099,2.039,2.199,1
2026-10-05T18:10:00,3f133314-f427-4d2b-9b5e-503da268cc59,2.129,2.069,2.239,1
2026-10-05T18:10:00,cdc0542d-6644-4ff1-bd1a-9d6dd4140a18,2.099,2.039,2.209,1
2026-10-05T18:10:00,c2b088b5-3165-4d0f-b52c-d74411abf4ac,2.099,2.049,2.209,1
2026-10-05T18:10:00,d45207dd-76c9-4d67-895c-260b20279b6f,2.109,2.049,2.219,1
2026-10-05T18:10:00,a2f61a2e-cb38-49b8-aeac-c0ead332a872,2.099,2.039,2.209,1
2026-10-05T18:10:00,c39b2041-35e2-4a12-a395-578cefd8831b,2.099,2.039,2.199,1
2026-10-05T18:10:00,33b8f7ba-c238-4f37-bc96-7ebeb02b72a0,2.109,2.049,2.209,1
2026-10-05T18:10:00,00060592-0001-4444-8888-acdc00000001,2.109,2.049,2.219,1
2026-10-05T18:10:00,2db21d80-48eb-497a-b6e8-8082f83ec4ca,2.109,2.049,2.209,1
2026-10-05T18:10:00,c031489b-b5a7-4b31-8aee-26b9c78795d9,2.099,2.039,2.199,1
2026-10-05T18:21:00,cd08f68b-1c10-4c7c-8b7d-6cdc13cb6cf6,2.119,2.059,2.249,1
2026-10-05T18:21:00,f721897d-2719-4747-a5e9-b4358d755587,2.099,2.039,2.209,1
2026-10-05T18:21:00,cde018ac-098f-47ad-bdd0-a6c0512798a6,2.109,2.049,2.219,1
2026-10-05T18:21:00,82b53307-1485-414a-9bfe-f16217003011,2.099,2.039,2.199,1
2026-10-05T18:21:00,464388fc-cc1f-4770-a17a-4cb3d5d47384,2.109,2.049,2.219,1
2026-10-05T18:21:00,b7c0f98f-88b6-4b8d-8f4b-307008f07840,2.109,2.049,2.209,1
2026-10-05T18:21:00,fe317497-6895-4de8-ae11-8b15d4f7af8a,2.109,2.049,2.209,1
2026-10-05T18:21:00,6b33bb06-24e9-47c7-ba2b-088c8c1963d1,2.099,2.039,2.239,1
2026-10-05T18:21:00,adba69bc-55e1-40fd-8a12-7525a99abf95,2.109,2.049,2.209,1
2026-10-05T18:21:00,77c4cc3c-ae11-43c4-85cc-5c147409b46f,2.119,2.059,2.209,1
2026-10-05T18:21:00,c338e198-afc0-4363-af49-a8875afced99,,,2.209,1
2026-10-05T18:21:00,915946cd-4b4c-4f59-8e30-2a2b44bfd9f1,2.209,,2.289,0
2026-10-05T18:21:00,c13f60cb-7e1c-40a8-b05a-157fd571b3fa,2.109,2.049,2.199,1
2026-10-05T18:21:00,64d9e72f-6327-4257-98bd-d0fbe75d4eee,2.139,2.079,2.249,1
2026-10-05T18:21:00,51d4b55c-a095-1aa0-e100-80009459e03a,2.089,2.029,2.189,1
2026-10-05T18:21:00,45701dbf-0bc9-4f05-b45b-9a4a87b095f9,2.089,2.029,2.199,1
2026-10-05T18:21:00,3f133314-f427-4d2b-9b5e-503da268cc59,2.129,2.069,2.229,1
2026-10-05T18:21:00,cdc0542d-6644-4ff1-bd1a-9d6dd4140a18,2.099,2.039,2.199,1
2026-10-05T18:21:00,c2b088b5-3165-4d0f-b52c-d74411abf4ac,2.099,2.049,2.209,1
2026-10-05T18:21:00,d45207dd-76c9-4d67-895c-260b20279b6f,2.109,2.049,2.219,1
2026-10-05T18:21:00,a2f61a2e-cb38-49b8-aeac-c0ead332a872,2.099,2.039,2.199,1
2026-10-05T18:21:00,c39b2041-35e2-4a12-a395-578cefd8831b,2.089,2.029,2.189,1
2026-10-05T18:21:00,33b8f7ba-c238-4f37-bc96-7ebeb02b72a0,2.109,2.049,2.199,1
2026-10-05T18:21:00,00060592-0001-4444-8888-acdc00000001,2.109,2.049,2.219,1
2026-10-05T18:21:00,2db21d80-48eb-497a-b6e8-8082f83ec4ca,2.109,2.049,2.209,1
2026-10-05T18:21:00,c031489b-b5a7-4b31-8aee-26b9c78795d9,2.089,2.029,2.189,1
